<?xml version="1.0" encoding="UTF-8"?>
<beans xmlns="http://www.springframework.org/schema/beans"
       xmlns:xsi="http://www.w3.org/2001/XMLSchema-instance"
       xmlns:context="http://www.springframework.org/schema/context"
       xmlns:mvc="http://www.springframework.org/schema/mvc"
       xsi:schemaLocation="http://www.springframework.org/schema/beans
       http://www.springframework.org/schema/beans/spring-beans.xsd
       http://www.springframework.org/schema/context
       http://www.springframework.org/schema/context/spring-context.xsd
       http://www.springframework.org/schema/mvc
       http://www.springframework.org/schema/mvc/spring-mvc-3.0.xsd">

    <context:component-scan base-package="com.ctguqmx"></context:component-scan>

    <mvc:annotation-driven></mvc:annotation-driven>

    <mvc:default-servlet-handler></mvc:default-servlet-handler>


    <bean class="org.springframework.web.servlet.view.InternalResourceViewResolver">
        <property name="viewClass" value="org.springframework.web.servlet.view.JstlView"/>
        <property name="prefix" value="/WEB-INF/jsp/"/>

        <property name="suffix" value=".jsp"/>
    </bean>
    
<!--    <mvc:interceptors>
        <mvc:interceptor>
            <mvc:mapping path="/*"/>
            <mvc:exclude-mapping path="/login"/>
            <mvc:exclude-mapping path="/img"/>
            <mvc:exclude-mapping path="/css"/>
            <mvc:exclude-mapping path="/bqb"/>
            <mvc:exclude-mapping path="/scss"/>
            <mvc:exclude-mapping path="/vendor"/>
            <mvc:exclude-mapping path="/js"/>
            <bean class="com.ctguqmx.web.interceptor.LoginInterceptor"></bean>
        </mvc:interceptor>

    </mvc:interceptors>-->
    <mvc:interceptors>
        <mvc:interceptor>
        <mvc:mapping path="/**"/>
        <mvc:exclude-mapping path="/login"/>
        <mvc:exclude-mapping path="/img"/>
        <mvc:exclude-mapping path="/bqb"/>
        <mvc:exclude-mapping path="/css"/>
        <mvc:exclude-mapping path="/js"/>
        <mvc:exclude-mapping path="/scss"/>
        <mvc:exclude-mapping path="/vendor"/>
        <bean class="com.ctguqmx.web.interceptor.LoginInterceptor"></bean>
        </mvc:interceptor>
    </mvc:interceptors>

</beans>