<?xml version="1.0" encoding="UTF-8"?>
<!DOCTYPE mapper PUBLIC "-//mybatis.org//DTD Mapper 3.0//EN" "http://mybatis.org/dtd/mybatis-3-mapper.dtd">
<mapper namespace="com.ctgu.dao.TbBlogMapper">
  <resultMap id="BaseResultMap" type="com.ctgu.pojo.TbBlog">
    <id column="id" jdbcType="INTEGER" property="id" />
    <result column="title" jdbcType="VARCHAR" property="title" />
    <result column="content" jdbcType="VARCHAR" property="content" />
    <result column="type" jdbcType="VARCHAR" property="type" />
    <result column="author_id" jdbcType="INTEGER" property="authorId" />
  </resultMap>
  <sql id="Base_Column_List">
    id, title, content, type, author_id
  </sql>
  <select id="selectByPrimaryKey" parameterType="java.lang.Integer" resultMap="BaseResultMap">
    select 
    <include refid="Base_Column_List" />
    from tb_blog
    where id = #{id,jdbcType=INTEGER}
  </select>
  <delete id="deleteByPrimaryKey" parameterType="java.lang.Integer">
    delete from tb_blog
    where id = #{id,jdbcType=INTEGER}
  </delete>
  <insert id="insert" parameterType="com.ctgu.pojo.TbBlog">
    insert into tb_blog (id, title, content, 
      type, author_id)
    values (#{id,jdbcType=INTEGER}, #{title,jdbcType=VARCHAR}, #{content,jdbcType=VARCHAR}, 
      #{type,jdbcType=VARCHAR}, #{authorId,jdbcType=INTEGER})
  </insert>
  <insert id="insertSelective" parameterType="com.ctgu.pojo.TbBlog">
    insert into tb_blog
    <trim prefix="(" suffix=")" suffixOverrides=",">
      <if test="id != null">
        id,
      </if>
      <if test="title != null">
        title,
      </if>
      <if test="content != null">
        content,
      </if>
      <if test="type != null">
        type,
      </if>
      <if test="authorId != null">
        author_id,
      </if>
    </trim>
    <trim prefix="values (" suffix=")" suffixOverrides=",">
      <if test="id != null">
        #{id,jdbcType=INTEGER},
      </if>
      <if test="title != null">
        #{title,jdbcType=VARCHAR},
      </if>
      <if test="content != null">
        #{content,jdbcType=VARCHAR},
      </if>
      <if test="type != null">
        #{type,jdbcType=VARCHAR},
      </if>
      <if test="authorId != null">
        #{authorId,jdbcType=INTEGER},
      </if>
    </trim>
  </insert>
  <update id="updateByPrimaryKeySelective" parameterType="com.ctgu.pojo.TbBlog">
    update tb_blog
    <set>
      <if test="title != null">
        title = #{title,jdbcType=VARCHAR},
      </if>
      <if test="content != null">
        content = #{content,jdbcType=VARCHAR},
      </if>
      <if test="type != null">
        type = #{type,jdbcType=VARCHAR},
      </if>
      <if test="authorId != null">
        author_id = #{authorId,jdbcType=INTEGER},
      </if>
    </set>
    where id = #{id,jdbcType=INTEGER}
  </update>
  <update id="updateByPrimaryKey" parameterType="com.ctgu.pojo.TbBlog">
    update tb_blog
    set title = #{title,jdbcType=VARCHAR},
      content = #{content,jdbcType=VARCHAR},
      type = #{type,jdbcType=VARCHAR},
      author_id = #{authorId,jdbcType=INTEGER}
    where id = #{id,jdbcType=INTEGER}
  </update>

  <select id="selectTbBlogAll" resultMap="BaseResultMap">
    select
    <include refid="Base_Column_List" />
    from tb_blog
  </select>
  <select id="selectTbBlogById" parameterType="java.lang.Integer" resultMap="BaseResultMap">
    select
    <include refid="Base_Column_List" />
    from tb_blog
    where author_id = #{authorId,jdbcType=INTEGER}
  </select>

  <delete id="deleteTbBlogByAuthorId" parameterType="java.lang.Integer">
    delete from tb_blog
    where author_id = #{authorId,jdbcType=INTEGER}
  </delete>
</mapper>