<?xml version="1.0" encoding="UTF-8"?>
<!DOCTYPE mapper PUBLIC "-//mybatis.org//DTD Mapper 3.0//EN" "http://mybatis.org/dtd/mybatis-3-mapper.dtd">
<mapper namespace="com.ctgu.dao.TbCommentMapper">
  <resultMap id="BaseResultMap" type="com.ctgu.pojo.TbComment">
    <id column="id" jdbcType="INTEGER" property="id" />
    <result column="content" jdbcType="VARCHAR" property="content" />
    <result column="blog_id" jdbcType="INTEGER" property="blogId" />
    <result column="comment_data" jdbcType="TIMESTAMP" property="commentData" />
  </resultMap>
  <sql id="Base_Column_List">
    id, content, blog_id, comment_data
  </sql>
  <select id="selectByPrimaryKey" parameterType="java.lang.Integer" resultMap="BaseResultMap">
    select 
    <include refid="Base_Column_List" />
    from tb_comment
    where id = #{id,jdbcType=INTEGER}
  </select>
  <delete id="deleteByPrimaryKey" parameterType="java.lang.Integer">
    delete from tb_comment
    where id = #{id,jdbcType=INTEGER}
  </delete>
  <insert id="insert" parameterType="com.ctgu.pojo.TbComment">
    insert into tb_comment (id, content, blog_id, 
      comment_data)
    values (#{id,jdbcType=INTEGER}, #{content,jdbcType=VARCHAR}, #{blogId,jdbcType=INTEGER}, 
      #{commentData,jdbcType=TIMESTAMP})
  </insert>
  <insert id="insertSelective" parameterType="com.ctgu.pojo.TbComment">
    insert into tb_comment
    <trim prefix="(" suffix=")" suffixOverrides=",">
      <if test="id != null">
        id,
      </if>
      <if test="content != null">
        content,
      </if>
      <if test="blogId != null">
        blog_id,
      </if>
      <if test="commentData != null">
        comment_data,
      </if>
    </trim>
    <trim prefix="values (" suffix=")" suffixOverrides=",">
      <if test="id != null">
        #{id,jdbcType=INTEGER},
      </if>
      <if test="content != null">
        #{content,jdbcType=VARCHAR},
      </if>
      <if test="blogId != null">
        #{blogId,jdbcType=INTEGER},
      </if>
      <if test="commentData != null">
        #{commentData,jdbcType=TIMESTAMP},
      </if>
    </trim>
  </insert>
  <update id="updateByPrimaryKeySelective" parameterType="com.ctgu.pojo.TbComment">
    update tb_comment
    <set>
      <if test="content != null">
        content = #{content,jdbcType=VARCHAR},
      </if>
      <if test="blogId != null">
        blog_id = #{blogId,jdbcType=INTEGER},
      </if>
      <if test="commentData != null">
        comment_data = #{commentData,jdbcType=TIMESTAMP},
      </if>
    </set>
    where id = #{id,jdbcType=INTEGER}
  </update>
  <update id="updateByPrimaryKey" parameterType="com.ctgu.pojo.TbComment">
    update tb_comment
    set content = #{content,jdbcType=VARCHAR},
      blog_id = #{blogId,jdbcType=INTEGER},
      comment_data = #{commentData,jdbcType=TIMESTAMP}
    where id = #{id,jdbcType=INTEGER}
  </update>

  <select id="selectTbCommentById" parameterType="java.lang.Integer" resultMap="BaseResultMap">
    select
    <include refid="Base_Column_List" />
    from tb_comment
    where blog_id = #{blogId,jdbcType=INTEGER}
  </select>

  <delete id="deleteTbCommentByBlogId" parameterType="java.lang.Integer">
    delete from tb_comment
    where blog_id = #{blogId,jdbcType=INTEGER}
  </delete>
</mapper>