<?xml version="1.0" encoding="UTF-8"?>
<beans xmlns="http://www.springframework.org/schema/beans"
	xmlns:xsi="http://www.w3.org/2001/XMLSchema-instance"
	xmlns:tx="http://www.springframework.org/schema/tx"
	xmlns:aop="http://www.springframework.org/schema/aop"
	xmlns:context="http://www.springframework.org/schema/context"
	xsi:schemaLocation="http://www.springframework.org/schema/beans
        http://www.springframework.org/schema/beans/spring-beans.xsd
        http://www.springframework.org/schema/context
        http://www.springframework.org/schema/context/spring-context.xsd
        http://www.springframework.org/schema/aop
        http://www.springframework.org/schema/aop/spring-aop.xsd
        http://www.springframework.org/schema/tx
        http://www.springframework.org/schema/tx/spring-tx.xsd">
	<context:component-scan base-package="com.ctguqmx"></context:component-scan>
<!--	扫描-->
	<context:property-placeholder location="db.properties"></context:property-placeholder>
<!--	数据源-->
	<bean id="dataSource" class="com.mchange.v2.c3p0.ComboPooledDataSource">
		<property name="user" value="${jdbc.username}"></property>
		<property name="password" value="${jdbc.password}"></property>
		<property name="driverClass" value="${jdbc.driver}"></property>
		<property name="jdbcUrl" value="${jdbc.url}" ></property>
	</bean>

	<bean id="student" class="com.ctguqmx.entity.Admin"></bean>
	<!-- 配置jdbdTemplate -->
	<bean id="jbdcTemplate" class="org.springframework.jdbc.core.JdbcTemplate">

		<property name="dataSource" ref="dataSource"></property>

	</bean>

</beans>